TNF,IL2RG,NFKB1,CSF3R,CD52,LCK,ALOX5,BTK,IFNAR2,TYK2,PSMB8,CD247,CSF2RB,ITGAL,PIK3CD,IL2RB,SLAMF7,SCN8A,TUBB3,CHRNA4,CACNA1B,SLC12A5,KCNC1,CHRNB2,HRH3,IL1B,CD3E,PSMB10,SYK,C5AR1,TGFB1,PSMB9,CNR2,JAK3,DGAT2,NPR1,TFPI,AOC3,VDR,TYMP,CACNA1C,PLAT,CACNA1S,RYR1,SCN1B,CD4,KCNA3,BST1,FCER1G,ABAT,SCN2A,IFNG,VKORC1L1,AGTR1,VWF,ICAM1,FCGR2A,FCGR3B,SLC5A1,HBA1,VEGFA,EGFR,PTAFR,LTA,HBB,PIK3CG,ANXA2,TNFRSF1A,AHR,IL1R1,NNMT,HCAR2,HCAR3,NOD2,GHR,SCN4A,LPL,PPARG
-0.8775252880328877,-1.0,0.0,-0.5858944628683689,-0.5482333459953334,-0.5622803144812588,-0.5938713963573825,-0.6569838976468421,-0.43700695023244035,-0.5236355619630689,-0.0,-0.0,-0.0,-0.8749818111034843,-0.875430977150581,-0.3980629970000904,0.0,-0.0,-0.0,0.0,-0.0,-0.0,0.0,-0.0,-0.0,-0.0,-0.0,-0.0,-0.0,-0.0,-0.0,-0.0,-0.0,-0.0,-0.0,0.0,0.0,0.0,0.0,-0.0,0.0,0.0,0.389614134178423,0.31285528903989007,0.3412162747812526,-0.0,-0.0,-0.0,-0.0,-0.0,0.0,-0.0,-0.0,0.0,0.0,-0.0,-0.0,-0.0,-0.0,-0.0,0.0,0.0,-0.0,-0.0,-0.0,-0.0,-0.0,0.0,0.0,-0.0,0.0,-0.0,-0.0,-0.0,0.5147243559565952,0.7677753313602547,-0.4113245654713644,-0.0
-1.0,-0.9043090893054573,0.0,-0.4240807364331484,-0.42531378964630245,-0.2887580991507496,-0.27317713826555773,-0.0,-0.0,-0.0,-0.3233745883692637,-0.2675680691027133,-0.25795328969834924,-0.5327660243831495,-0.2632876494268666,-0.7672588635404365,-0.5935276331332782,0.0,0.0,-0.0,-0.0,-0.0,-0.0,-0.0,-0.0,-0.0,-0.0,-0.0,-0.0,-0.0,-0.0,-0.0,-0.0,-0.0,-0.0,-0.0,-0.0,-0.0,0.0,-0.2233891685376555,-0.0,0.0,0.0,0.0,0.0,-0.21311403410454738,-0.0,-0.0,-0.0,-0.0,-0.0,-0.0,-0.0,-0.0,-0.0,-0.0,-0.0,-0.0,-0.0,-0.0,-0.0,0.0,-0.0,0.0,-0.0,-0.0,-0.0,-0.0,-0.0,-0.0,0.0,-0.30262945359735893,-0.0,-0.0,-0.0,-0.0,-0.2839798578246926,-0.38539587056373625
-1.0,-0.9606195406429437,-0.0,-0.6185354561570664,-0.47127202356477577,-0.3916494476702608,-0.3972229951005741,-0.3045467867239226,-0.0,-0.21045319648637933,-0.29176955141924,-0.3250266536576358,-0.24828124520478617,-0.6950486914220161,-0.4100795811695854,-0.7438117552302801,-0.5587437676737982,0.0,0.0,-0.0,0.0,-0.0,0.0,0.0,0.0,-0.0,-0.0,-0.0,-0.0,-0.0,-0.0,-0.0,-0.0,-0.0,0.0,-0.0,-0.0,-0.0,0.0,-0.2101196676623406,0.0,0.0,-0.0,-0.0,-0.0,-0.0,-0.0,-0.0,-0.0,0.0,0.0,-0.0,-0.0,-0.0,-0.0,-0.0,-0.0,-0.0,0.0,-0.0,-0.0,0.0,-0.0,0.0,-0.0,-0.0,-0.0,-0.0,-0.0,-0.0,-0.0,-0.26533435380357273,-0.2113410741180096,-0.0,-0.0,-0.2858577135779867,-0.0,-0.3166043235755886
-1.0,-0.9450305163313736,0.0,-0.5156135593811914,-0.44827836332221344,-0.35260662746932253,-0.3482740914059715,-0.25844700536516496,-0.0,-0.0,-0.2693008282044344,-0.2914458016661259,-0.26295628384657865,-0.6223879469735123,-0.35543480043563846,-0.8158139556741533,-0.5859016134141725,0.0,0.0,-0.0,0.0,-0.0,-0.0,0.0,0.0,-0.0,-0.0,-0.0,-0.0,-0.0,-0.0,-0.0,-0.0,-0.0,0.0,-0.0,-0.0,-0.0,0.0,-0.2118260548079445,0.0,0.0,0.0,0.0,0.0,-0.0,-0.0,-0.0,-0.0,-0.0,0.0,-0.0,-0.0,-0.0,-0.0,-0.0,-0.0,-0.0,-0.0,-0.0,-0.0,0.0,-0.0,0.0,-0.0,-0.0,-0.0,-0.0,-0.0,-0.0,-0.0,-0.28924893073653,-0.21151821284554354,-0.0,-0.0,-0.0,-0.20393555711415906,-0.2717845883410569
-0.9880685638583757,-1.0,0.0,-0.4145566030813671,-0.4630049036387299,-0.4112293877119267,-0.3274150210983959,-0.26961612116637806,-0.0,-0.20818273480221047,-0.2869471858761697,-0.29089219406672456,-0.22696141037798498,-0.648230645618663,-0.3874093550237007,-0.8264445327402525,-0.6355425471727578,-0.0,0.0,-0.0,-0.0,-0.0,-0.0,-0.0,-0.0,-0.0,-0.1550173669128099,-0.0,-0.0,-0.0,-0.0,-0.16026423475478094,-0.0,-0.0,0.0,-0.0,0.0,-0.0,-0.0,-0.17503588306008572,0.0,0.0,0.0,0.0,0.0,-0.0,-0.0,-0.0,-0.0,-0.0,-0.0,-0.0,-0.0,0.0,-0.0,-0.0,-0.0,-0.0,-0.0,-0.0,-0.0,0.0,-0.0,-0.0,-0.0,-0.0,0.0,0.0,-0.0,-0.0,0.0,-0.25846610388931973,-0.17831013620425623,-0.0,-0.0,-0.0,-0.0,-0.20771946075837083
-1.0,-0.1991513475612245,0.1785026740079343,-0.12514375224757304,-0.0,-0.0,-0.0,-0.0,-0.0,-0.0,-0.0,-0.0,-0.0,-0.18669576138080676,-0.11906857277267306,-0.196853986979903,-0.0,-0.0,-0.0,-0.0,-0.13689684559440637,-0.16767577013419352,-0.0,-0.0,-0.0,-0.0,-0.0,-0.0,-0.0,-0.0,-0.0,-0.0,-0.0,-0.0,-0.0,0.0,0.0,0.0,-0.0,-0.0,0.0,0.0,0.0,0.0,0.0,-0.0,-0.0,-0.0,-0.0,-0.0,-0.0,-0.0,0.0,0.0,-0.0,-0.0,-0.0,-0.0,-0.0,-0.0,-0.0,0.0,-0.0,-0.0,-0.0,-0.0,0.0,0.0,0.0,0.0,0.0,-0.0,-0.0,-0.0,0.0,0.23097071086388118,-0.0,0.0
-1.0,-0.3330655711652582,0.0,-0.11498943822864344,-0.19883186388111865,-0.1538440434662661,-0.12646217779693483,-0.11285489881350051,-0.0,-0.0,-0.0,-0.0,-0.12255945802063437,-0.2294699688459925,-0.16116861072225017,-0.25116847306132234,-0.20619125454488907,-0.0,0.0,-0.0,-0.0,-0.0,-0.0,-0.0,-0.0,-0.0,-0.0,-0.0,-0.0,-0.0,-0.0,-0.0,-0.0,-0.0,0.0,-0.0,0.0,-0.0,0.0,-0.0,0.0,0.0,-0.09890590243722423,-0.0,-0.0,-0.0,-0.0,-0.0,-0.0,-0.0,-0.0,-0.0,0.0,0.0,-0.0,-0.0,-0.0,-0.0,0.0,-0.0,-0.0,0.0,-0.0,-0.0,-0.0,-0.0,0.0,0.0,0.0,-0.0,0.0,0.0,-0.0,0.0,-0.0,-0.22880013945831879,0.11536343958489453,0.0
-0.7198677539415027,0.39475636343820364,1.0,0.0,0.0,-0.0,0.32370783027422617,0.0,0.0,0.0,0.0,-0.0,0.0,-0.0,0.0,-0.4276001379655494,-0.0,-0.4915871132224342,-0.3502799713202585,-0.5958731658136507,-0.734694743988027,-0.7084009831667991,-0.667581505664103,-0.5204458898204869,-0.5682145809539055,-0.0,-0.0,0.0,0.0,0.0,0.0,0.0,0.0,0.0,0.0,0.0,0.31986931814594577,0.0,0.0,-0.0,-0.0,-0.0,0.0,0.0,0.0,-0.0,-0.0,0.0,0.0,-0.0,-0.0,-0.0,0.0,0.0,-0.0,0.0,0.0,0.0,-0.0,0.0,-0.0,0.0,0.0,-0.0,0.0,0.0,0.6371537982294754,0.5299440159592965,0.43620855942046016,0.34972737159120215,0.3783813669533693,0.0,0.0,0.0,0.40877523927290776,0.4401730149538285,0.0,0.32446562230513554
1.0,0.5172294968746478,0.7241649353217224,0.3005270737083568,0.275962081520471,0.2746214265619572,0.2820171019661211,0.2634598976816838,0.0,0.0,0.0,0.0,0.29561197301455755,0.3955304049235004,0.38686204666795676,0.32616455941241757,0.0,-0.4828923599066466,-0.2562366458917825,-0.4400219439070974,-0.5042170163378628,-0.4873530031199327,-0.48453245734403116,-0.38899210619062735,-0.415333931041231,0.0,0.0,0.0,0.0,0.0,0.0,0.0,0.0,0.0,0.0,0.2922154064588297,0.0,0.2772773843736458,0.0,0.0,-0.0,-0.0,-0.0,-0.0,-0.0,0.0,0.0,0.0,0.0,-0.0,-0.0,0.0,0.0,0.0,0.0,0.0,0.0,0.0,-0.0,0.0,0.0,-0.0,0.0,0.0,0.0,0.0,0.5460599468938772,0.5065815942791148,0.4282487372009571,0.3091356704658427,0.2842369317850421,0.31703976362339403,0.24012052787568183,0.0,0.0,0.0,0.0,0.0
0.3969477557288829,0.0,1.0,-0.0,0.0,-0.0,-0.0,0.0,0.0,0.0,0.0,-0.0,0.0,-0.0,0.0,0.0,0.0,-0.47023493029967384,-0.31519848548320323,-0.637500767650205,-0.6664840381055606,-0.6958823013792735,-0.6889406879911116,-0.5237297934973955,-0.5431385479265491,0.0,-0.0,-0.0,-0.0,0.0,-0.0,0.0,0.0,0.0,0.3068199089213366,0.3155041440404733,0.3166219130986867,0.0,0.0,0.0,-0.0,-0.0,-0.0,-0.0,-0.0,-0.0,-0.0,0.0,0.0,-0.2672032763380236,-0.30503145929369324,-0.0,0.0,0.0,-0.0,0.0,0.0,0.0,-0.0,-0.0,-0.0,0.0,0.0,-0.0,-0.0,0.0,0.7252937797571604,0.5943049658083805,0.5117129501300163,0.4078473681488579,0.3682307209409367,0.4583293944039775,0.0,0.3190578153757231,0.3047047480282145,0.0,0.28759691788412645,0.4005291207319852
0.6039853175162585,0.3938295689032417,1.0,0.3584053583745848,0.0,-0.0,0.0,0.0,0.0,0.0,0.0,0.0,0.0,-0.0,0.0,0.0,0.36012410245363036,-0.5143291926156235,-0.37394802846701025,-0.7158144550748692,-0.7526224486557648,-0.7538884629509637,-0.6405227377664178,-0.6119454867711831,-0.539428112107004,0.0,0.0,0.0,0.0,0.0,0.0,0.0,-0.0,0.0,0.0,0.3779193559510953,0.36566312426684977,0.0,0.0,0.0,0.0,-0.0,0.0,0.0,0.0,-0.0,-0.0,0.0,0.0,-0.0,-0.0,-0.0,0.0,0.0,0.0,0.0,0.0,0.0,0.0,0.0,-0.0,0.0,0.0,-0.0,0.0,0.0,0.8514700367168169,0.6610649973547712,0.3882858427003304,0.4087672256585173,0.4285203085076132,0.5927609466709727,0.39050763451468895,0.4308666843455694,0.44995699236674935,0.6618827693078821,0.0,0.0
0.5253138116605853,0.4907270100498664,1.0,0.0,0.0,-0.0,0.0,-0.0,0.0,0.0,0.0,0.0,0.0,0.0,-0.0,0.5739809770539798,0.5573135007806607,-0.47195863433700974,-0.440580555952102,-0.6913723539139438,-0.7666989345730697,-0.7719343013138781,-0.6681320480567285,-0.6458894242721045,-0.5474432097094999,-0.0,0.0,-0.0,0.0,0.0,-0.0,0.0,-0.0,0.0,0.38837329112292396,0.0,0.0,0.0,0.3925195269538193,0.0,0.0,0.0,0.0,0.0,0.0,-0.0,-0.0,0.0,0.0,-0.0,-0.0,-0.0,0.0,0.0,0.0,0.0,0.0,0.0,0.0,-0.0,-0.0,0.0,0.0,-0.0,-0.0,-0.0,0.8699741758355679,0.6583265801007303,0.41155008872575477,0.42891508956827157,0.4179715658621437,0.8358265052408996,0.5344974122216517,0.5322090451557986,0.4658396618223431,0.6454709941179256,0.0,0.40537039170184763
0.7363993591691568,0.4376673731141457,0.539356433764846,0.0,0.0,0.0,0.0,0.0,-0.0,-0.0,-0.0,0.0,0.0,0.0,-0.0,0.0,0.0,-0.5217778830939152,-0.4298932432251772,-0.4118738433967327,-0.4866546505005985,-0.4520659428403315,-0.0,-0.0,-0.0,0.0,0.0,-0.0,0.0,0.0,-0.0,-0.0,-0.0,-0.0,-0.0,0.0,0.0,0.4521983653258505,-0.0,0.0,0.0,0.0,0.0,0.0,0.0,0.0,0.0,-0.0,0.0,-0.0,-0.0,0.0,0.0,0.0,0.0,0.0,0.0,0.0,0.0,0.0,0.0,0.0,-0.0,-0.0,0.0,0.0,0.0,0.0,0.0,0.0,0.0,-0.0,-0.0,-0.0,0.6596478622700123,0.7893197866389614,1.0,0.5432189203046489
0.23006999337480696,-0.0,0.22406175138154077,-0.0,-0.0,-0.0,-0.0,-0.0,-0.0,-0.0,-0.0,-0.0,0.0,-0.2006394755043572,-0.0,-0.0,-0.0,-0.2626547262954474,-0.0,-0.17931331642584397,-0.20145452070665404,-0.20272115874951477,-0.1613618545209022,-0.0,-0.0,-0.0,-0.0,-0.0,0.0,0.0,-0.0,-0.0,-0.0,-0.0,0.4331256660391614,0.20242848906219735,0.0,0.21455075934593756,-0.0,0.0,0.0,0.0,0.0,0.0,0.0,0.0,-0.0,0.0,0.0,-0.0,-0.0,-0.0,0.23285108651866276,0.15986986872355366,0.17852605670998944,-0.0,-0.0,-0.0,0.0,-0.0,0.0,0.0,0.0,-0.0,-0.0,-0.0,0.18021066301064692,0.0,0.0,0.0,0.0,0.3068326601124308,0.0,-0.0,0.5673033877145082,0.5969538759769427,1.0,0.7390743847174819
1.0,0.7363875031538122,0.0,0.4929749924849578,0.3484865208184049,0.40431570346078766,0.3977192249794515,0.3529274560235266,0.23152506510723658,0.2997484940067094,0.1449472447926539,0.20583631046512543,0.25450720572878327,0.618880989303062,0.5326267428581235,0.4254055861698968,0.2919331654630742,0.0,0.0,0.0,0.0,0.0,-0.0,0.0,-0.0,0.29906445597203224,0.11555171986387965,0.1073852278129216,0.17621080030101546,0.2021670218998882,0.19307134228344314,0.15637533343388219,0.14779893506147918,0.19942361192167915,0.0,-0.0,-0.0,0.0,0.0,0.0,-0.1111363293255893,-0.11385707191693407,-0.0,-0.0,-0.0,0.0,0.0,0.14289917346511397,0.1302911346887859,0.0,-0.0,0.0,-0.0,-0.0,0.0,0.0,0.1073227106985549,0.0,0.0,0.0,-0.0,-0.0,0.0,0.0,0.0,0.0,0.0,0.0,0.0,0.0,-0.0,0.13829884920583502,0.11683761107789979,0.0,-0.0,-0.0,-0.0,0.0
1.0,0.6969021975827777,0.1149611975784767,0.5020739880933489,0.3404160527371854,0.38745726321433555,0.39531179185594145,0.28744527871052306,0.17317430583350465,0.2456564131092136,0.13361022851652146,0.22770597338099838,0.21241002636150397,0.6013275272816531,0.46999865938024016,0.4374966917156113,0.29680382189685167,-0.0,0.0,-0.0,-0.0,-0.0,-0.0,-0.0,-0.0,0.21721376549849764,0.0,0.0,0.0,0.1719593834348047,0.17401426864662473,0.10986752317851746,0.0,0.17612531451579208,-0.0,0.0,-0.0,0.0,0.0,0.11005293328057669,-0.0,-0.0,-0.0,-0.0,-0.0,0.0,0.0,0.0,0.11069368289826302,0.0,-0.0,0.15078697379768788,-0.0,-0.0,0.0,0.12801186328284908,0.0,0.0,-0.0,0.1134756642211095,0.1426717442240047,-0.0,-0.0,0.0,0.0,0.0,0.0,0.0,0.0,0.0,0.0,0.16835252578254495,0.15981051584517575,0.0,0.0,0.0,0.0,0.0
1.0,0.9578752350779461,0.0,0.6226030213072564,0.523021779753336,0.5598410755639653,0.538288508297692,0.5055407653791795,0.31370579674322524,0.4131872771194562,0.18618223606007742,0.28339234596561375,0.311273563906696,0.8722031314535842,0.7568019604537315,0.5094659360385949,0.34244995835368447,-0.0,-0.0,-0.0,-0.0,-0.0,-0.0,-0.0,-0.0,0.19623451855545163,0.1326206332234036,0.12997777890628157,0.21070018154985604,0.22568484022178928,0.21122320499213706,0.21177947856459153,0.2021677237816572,0.26375041128117305,0.0,-0.0,-0.0,0.0,0.0,0.12187666539003883,-0.15959254908494647,-0.14186489072364306,-0.0,-0.0,-0.0,0.12466492988149927,0.0,0.16054205592348186,0.15754359028368134,-0.0,-0.0,0.0,0.0,-0.0,0.0,0.0,0.126055803754055,0.1423503094092874,-0.0,0.0,0.0,-0.0,0.0,0.0,0.0,0.0,0.0,0.0,0.0,0.0,0.0,0.1755951513342632,0.16211629326803934,0.0,0.0,0.0,0.0,0.0
0.9563717770593901,1.0,0.17027896505638984,0.35092923525307496,0.5177984121648128,0.6666912411863717,0.44961787047415075,0.47668894623691094,0.2804904028704125,0.38275883538651634,0.16421142502092775,0.30391729570493153,0.2992340677020928,0.8392561319616723,0.749624326109325,0.6417843249547456,0.4170458491128244,-0.12859223261722577,-0.0,-0.0,-0.0,-0.0,-0.0,-0.0,-0.0,0.1368976633169251,0.15799555522432715,0.0,0.17471260812324158,0.12191804520942241,0.0,0.19781750586017371,0.25475122978024906,0.23568895795989458,0.0,0.0,-0.0,0.0,0.0,0.0,-0.13102311348189055,-0.1340902571839372,-0.0,0.0,-0.0,0.12504610600875296,0.13337132863610993,0.0,0.0,-0.0,-0.0,0.0,0.0,-0.0,0.0,0.0,0.0,0.0,-0.0,0.0,0.0,-0.0,0.0,0.0,0.0,0.0,0.0,0.0,0.1348990780793076,0.0,0.0,0.1515067536322346,0.0,0.0,0.0,0.0,0.0,0.13004598166247308
1.0,0.9221010552292099,0.14503175553532457,0.4135982546978994,0.46650336928009567,0.5289407544524506,0.4368141095466717,0.40497161587828007,0.24868372589389992,0.3372207829213276,0.19660670618341308,0.2697178508715645,0.28109359879153306,0.7481766602014962,0.6390119020142295,0.5950600890303637,0.4264941538634273,-0.0,-0.0,-0.0,-0.0,-0.0,-0.0,-0.0,-0.0,0.1666834486266813,0.14370495333949804,0.10799423290291237,0.1767507664933969,0.15377923384054876,0.13634313215853874,0.1715720029335812,0.19939656778526646,0.20767350962757417,0.0,0.0,-0.0,0.0,0.0,0.0,-0.11762949016064803,-0.11406597890103809,-0.0,0.0,-0.0,0.12302982170625855,0.1098716751717677,0.0,0.0,-0.0,-0.0,0.0,-0.0,-0.0,0.0,0.0,0.0,0.0,-0.0,0.0,-0.0,-0.0,0.0,0.0,0.0,0.0,0.0,0.0,0.10861249147384118,0.0,0.0,0.15751477638687514,0.11736357823610709,0.0,0.0,0.0,-0.0,0.0
1.0,0.9124023273429344,0.15599094488662052,0.37084638195156,0.46714449507211564,0.5567460946698014,0.42171193796794465,0.4123667409278977,0.24984860893065816,0.3371001605204682,0.19661766332826275,0.26895672120528247,0.27399734362229,0.7537628193279307,0.6509578625045221,0.579239178209079,0.40159082947744573,-0.0,-0.0,-0.0,-0.0,-0.0,-0.0,-0.0,-0.0,0.15800696911208295,0.14211791988691747,0.11124868718077778,0.1635509557139856,0.1272277061935132,0.11374439393381755,0.1743811344152431,0.20650692300957632,0.2142407298899339,0.0,0.0,-0.0,0.0,0.0,0.0,-0.12049731063412818,-0.11362891978391944,-0.0,-0.0,-0.0,0.11341654303160412,0.11613785487669347,0.0,0.0,-0.0,-0.0,0.0,-0.0,-0.0,0.0,0.0,0.0,0.0,-0.0,0.0,-0.0,-0.0,0.0,0.0,0.0,0.0,0.0,0.0,0.10848280509199179,0.0,0.0,0.14313874914515606,0.10650811581634269,0.0,0.0,0.0,-0.0,0.0
1.0,0.9311370959769745,0.11485309502243327,0.4678931879599014,0.46919174295798877,0.6104327902203553,0.46598485096965603,0.44293297862866654,0.2699815448826202,0.3877696889267637,0.1678672623612347,0.29695856275117755,0.25386032902878114,0.8383876102445784,0.7162888464861662,0.5783731328784794,0.3686955083214219,-0.0,-0.0,-0.0,-0.0,-0.0,-0.0,-0.0,-0.0,0.16461967854555962,0.1478577016348778,0.13420253300544135,0.16063152110374637,0.16231018752408238,0.17578677130492426,0.20255913356092994,0.214030443229484,0.24364193072748772,0.0,0.0,-0.0,0.0,0.0,0.0,-0.15262890832268997,-0.14036330413360612,-0.0,-0.0,-0.0,0.11227496504171967,0.1206578450125207,0.0,0.122780670849422,-0.0,-0.0,0.0,-0.0,-0.0,0.0,0.0,0.0,0.10874738277317182,-0.0,0.0,0.0,-0.0,0.0,0.0,0.0,0.0,0.0,0.0,0.0,0.0,0.0,0.13768833737053088,0.11927274752370444,0.0,0.0,0.0,-0.0,0.0
1.0,0.9623898912219454,0.15775270339561964,0.41436941468612665,0.486333032454844,0.6100979680068604,0.45198664244379533,0.46056102735820803,0.26214066462191166,0.39052858073330166,0.18348467490347906,0.28941740157304585,0.2759424837947717,0.8251310797685385,0.7254824707993971,0.5999008178099317,0.4020341753677092,-0.0,-0.0,-0.0,-0.0,-0.0,-0.0,-0.0,-0.0,0.14773206387089408,0.1514956564447332,0.12517879780449595,0.18418905744219255,0.1591254591248844,0.15587875221275374,0.19545653834582088,0.22567706670591028,0.23649006778198564,-0.0,0.0,-0.0,0.0,0.0,0.0,-0.144899411383809,-0.13387624283289454,-0.0,-0.0,-0.0,0.12033856067023935,0.12224819775633969,0.0,0.11096925335333352,-0.0,-0.0,0.0,-0.0,-0.0,0.0,0.0,0.0,0.0,-0.0,0.0,0.0,-0.0,0.0,0.0,0.0,0.0,0.11585389686858501,0.0,0.12437534569974856,0.0,0.0,0.13874949845464332,0.0,0.0,-0.0,-0.0,-0.0,0.0
1.0,0.8930846877014711,0.19202474594504165,0.4304149417463435,0.4509772653975565,0.541453831482515,0.4321779583962339,0.414266064880553,0.25679010149851245,0.35931070536455817,0.18663213101848805,0.2639497689329585,0.2773451995710607,0.7558533326321665,0.6652755792754855,0.5508627065204635,0.3702701269529224,-0.0,-0.0,-0.0,-0.0,-0.0,-0.0,-0.0,-0.0,0.16175597023566995,0.13594495530002387,0.11757548703901101,0.1751951349936662,0.16755106849850332,0.159188911075077,0.18600088100737333,0.20058785808922483,0.22344161099302154,0.0,0.0,0.0,0.0,0.0,0.0,-0.13166544965400376,-0.1240663072228879,-0.0,-0.0,-0.0,0.0,0.0,0.11248365255210684,0.0,-0.0,-0.0,0.0,-0.0,-0.0,0.0,0.0,0.0,0.0,-0.0,0.0,0.0,-0.0,0.0,0.0,0.0,0.0,0.132252571802835,0.11536599806543789,0.12215034050181732,0.0,0.0,0.14883224735932443,0.1207231074741588,0.0,-0.0,0.0,-0.0,0.0
1.0,0.8763421948554174,0.17648151151682176,0.44676722953740017,0.44901950210525127,0.4977354477173783,0.4467609754145741,0.3960495362983558,0.24566769237762123,0.3274371478911154,0.19039048094156677,0.25965855130958027,0.28019425351204436,0.7227510741960297,0.6230927568816665,0.5461380956028977,0.3820487990321506,-0.0,-0.0,-0.0,-0.0,-0.0,-0.0,-0.0,-0.0,0.16666805765141943,0.133683610902317,0.0,0.17154900342149798,0.16709902312574862,0.14776369239577405,0.1661114169101126,0.18538198839147302,0.20550117016822536,0.0,0.0,0.0,0.0,0.0,0.0,-0.0,-0.0,-0.0,-0.0,-0.0,0.11706374354712666,0.0,0.11807368797768901,0.1154207599008902,-0.0,-0.0,0.0,0.0,-0.0,0.0,0.0,0.0,0.0,-0.0,0.0,-0.0,-0.0,0.0,0.0,0.0,0.0,0.1326152778555042,0.0,0.12381083272397095,0.0,0.0,0.1738553162987771,0.13440863382767745,0.0,0.0,0.0,-0.0,0.0
1.0,0.8503547204601021,0.19261423234480562,0.3941856425809344,0.42870555129572524,0.49714959859673974,0.41532855300937427,0.3825372887838416,0.23078816332095667,0.3208917966865992,0.17776872671883875,0.2460943256699648,0.2637316431003467,0.6974239957739384,0.6133224759304364,0.5435562059495084,0.3688876957055457,-0.0,-0.0,-0.0,-0.0,-0.0,-0.11108013467201712,-0.0,-0.0,0.15495650415539447,0.13030655257113344,0.0,0.15124232597139278,0.1495650643699304,0.13481271215717566,0.1608352309380912,0.18240551677767386,0.2031619145547719,0.0,0.0,0.0,0.0,0.0,0.0,-0.12015286037817259,-0.0,-0.0,-0.0,-0.0,0.1083362226045808,0.0,0.0,0.0,-0.0,-0.0,0.0,0.0,-0.0,0.0,0.0,0.0,0.0,-0.0,0.0,0.0,-0.0,0.0,0.0,0.0,0.0,0.13304818509139368,0.0,0.12357362165998691,0.0,0.0,0.17733731148937648,0.13011415264237464,0.0,0.0,0.0,-0.0,0.11091171453146158
1.0,0.5409940124178285,0.14622917302173433,0.33142183354448895,0.2949735720905568,0.2478413588454768,0.2932421104738207,0.1854633714854662,0.0,0.0,0.1505016268260136,0.19874852542222085,0.1962923825750038,0.4288021331015609,0.276049728273667,0.4254088676515571,0.30350954977891315,-0.0,-0.0,-0.0,-0.0,-0.0,-0.0,-0.0,-0.0,0.19430872301218902,0.0,0.0,0.0,0.0,0.0,0.0,0.0,0.0,0.0,0.0,0.0,0.0,-0.0,0.11439044442367645,-0.0,-0.0,0.0,0.0,0.0,0.0,0.0,0.0,0.0,-0.0,-0.0,0.0,0.0,0.0,0.0,0.11714300461292916,0.0,0.0,-0.0,0.0,0.0,0.0,-0.0,0.0,0.0,0.0,0.12009089950610906,0.11579171773945994,0.0,0.0,0.0,0.13074818471027874,0.0,0.0,0.0,0.0,0.0,0.0
1.0,0.18697426903691497,0.0,0.06841331052147724,0.09966240915407772,0.10106970103511771,0.06652051633141634,0.0,0.0,0.0,0.0,0.0,0.06502945162037777,0.13373921418578136,0.09097739644941603,0.19795003104520997,0.11134213362235358,-0.0,0.0,-0.0,0.0,0.0,0.0,-0.0,0.0,0.07235365129498246,0.0,0.0,0.0,0.0,-0.0,0.0,0.0,0.0,0.0,0.0,0.0,0.0,0.0,0.0,0.0,0.0,0.0,0.0,0.0,0.0,0.0,-0.0,0.0,-0.0,0.0,0.0,0.0,-0.0,0.0,0.0,0.0,-0.0,0.0,-0.0,0.0,0.0,-0.0,0.0,-0.0,0.0,0.0,0.0,0.0,0.0,0.0,0.07896900422667395,0.06368036490963222,0.0,0.0,0.0,0.09001326688288051,0.0
1.0,0.1883141087145743,0.0,0.0,0.10358362423967205,0.10555172968630827,0.0,0.0,0.0,0.0,0.0,0.0,0.0,0.1281224919932371,0.0,0.16926890080293244,0.1213004430132198,-0.0,0.0,-0.0,0.0,-0.0,-0.0,0.0,-0.0,0.0,0.0,0.0,0.0,0.0,-0.0,0.0,0.0,0.0,0.0,0.0,0.0,0.0,0.0,0.0,0.0,-0.0,-0.0,-0.0,-0.0,0.0,0.0,0.0,0.0,-0.0,-0.0,0.0,-0.0,0.0,0.0,0.0,0.0,0.0,0.0,-0.0,-0.0,0.0,0.0,0.0,-0.0,0.0,0.0,0.0,0.0,0.0,0.0,0.0,0.0,0.0,-0.0,-0.0,-0.0,0.0
1.0,0.1799142843185266,0.08019021132011578,0.09419353755543744,0.09567428555006659,0.0,0.06490203618999373,0.056799432316013906,0.0,0.0,0.07579450307890881,0.0,0.05673420726142012,0.10301411008488684,0.07264598449366134,0.17842644596566234,0.12423817156873548,-0.0,-0.0,-0.05145133326785132,-0.0539579761379374,-0.0,-0.05955983714669461,-0.0,-0.0,0.06806115704921589,0.0,0.0,0.0,0.0,0.0,0.0,0.0,0.0,0.0,0.0,0.0,0.0,0.0,0.0,-0.0,-0.0,-0.0,-0.0,-0.0,0.0,0.0,0.0,0.0,-0.0,-0.0,0.0,0.0,0.0,0.0,0.0,0.0,0.0,0.0,0.0,-0.0,-0.0,0.0,-0.0,0.0,0.0,0.08164031458915867,0.05575076105966592,0.05644715744560007,0.0,0.0,0.08776314385004574,0.0726569706364021,0.054410457602096673,-0.0,-0.0,-0.0,0.0
1.0,0.26888858930762444,0.0,0.08113949992027994,0.12725768519143774,0.15565546900989372,0.07834416482810247,0.10209872893334872,0.05004846910902962,0.0711575166429836,0.07432633538079426,0.07380013580395375,0.0588532536270455,0.20818704375003066,0.15401226405370008,0.2480915831780154,0.15289086192145723,-0.0,-0.0,-0.0,-0.0,-0.0,-0.0,-0.0,-0.0,0.059161888583206895,0.040785374088869474,0.0,0.0,0.0,0.0,0.05535602557949817,0.04764080438167421,0.04875496925553146,0.0,0.0,-0.0,0.0,0.0,0.042777480161726035,-0.0,-0.0,-0.0,-0.0,-0.0,0.0,0.0,0.0,0.0,-0.0,-0.0,0.07804779696523022,-0.0,-0.0,0.0,0.0,0.0,0.0,0.0,0.0,0.0,-0.0,-0.0,0.0,0.0,0.0,0.036670649447835574,0.0,0.0,0.0,0.0,0.06990930032806983,0.06978586509691696,0.0,-0.0,-0.0,0.0,0.0
1.0,0.24317739434302643,0.07009562978937968,0.08048749226783727,0.12541139061000434,0.14247681799805892,0.09148516265086926,0.10850258027446778,0.06125696570746252,0.08584914044574254,0.06919411788989045,0.060511460313418176,0.07505955646219006,0.18301407294287292,0.16614620900342755,0.19087432095484658,0.11791826415550259,-0.0,-0.0,-0.0480926604272879,-0.04706468438862104,-0.0,-0.049459370098119126,-0.0,-0.0,0.0663962506773837,0.0,0.0,0.0,0.0,0.0,0.05094949121721497,0.056855078658638675,0.05383149513310212,0.0,0.0,0.0,0.0,0.0,0.0,-0.0,-0.0,-0.0,-0.0,-0.0,0.0,0.0,0.0,0.0,-0.0,-0.0,0.0,-0.0,-0.0,0.0,0.0,0.0,0.0,0.0,0.0,-0.0,-0.0,0.0,0.0,0.0,0.0,0.06190656437402105,0.0,0.04820472191900161,0.0,0.0,0.06328559425666774,0.05684659912705463,0.0,-0.0,-0.0,-0.0,0.0
1.0,0.18422574704341124,0.03898356463700935,0.08211852005925756,0.09846863438016902,0.07899426170535873,0.07857247143231998,0.06875384828069088,0.0,0.0,0.056109175087832815,0.050485664985400074,0.060261444788856686,0.13007840877631677,0.09211981549479689,0.1669824054783139,0.1101130266878002,-0.0,0.0,-0.0,-0.0,-0.0,-0.0,-0.0,-0.0,0.07592158030020044,0.0,0.0,0.0,0.0,0.0,0.0,0.0,0.0,0.0,0.0,0.0,0.0,0.0,0.04099971229216928,-0.0,-0.0,-0.0,-0.0,-0.0,0.0,0.0,0.0,0.0,-0.0,-0.0,0.0,-0.0,-0.0,0.0,0.0,0.0,0.0,0.04015786987451814,0.0,0.0,0.0,0.0,0.0,0.0,0.0,0.045631011958591296,0.0,0.0,0.0,0.0,0.06932627844293114,0.05898376814415697,0.0,-0.0,-0.0,0.0,0.0
1.0,0.19272766661460067,0.04166136616187737,0.06886260743541191,0.09648023897409119,0.09008703559688878,0.06660274756869097,0.07789546643337651,0.04342397935302737,0.05435683232557969,0.0630414783609441,0.043014610032323854,0.05698234596299369,0.1321315477800748,0.10941081652281107,0.174678330174902,0.11042807497526345,-0.0,-0.0,-0.0,-0.0,-0.0,-0.0,-0.0,-0.0,0.06704154002788099,0.0,0.0,0.0,0.0,0.0,0.0,0.0,0.03598584923742772,0.0,0.0,0.0,0.0,0.0,0.03768465861174436,-0.0,-0.0,-0.0,-0.0,-0.0,0.0,0.0,0.0,0.0,-0.0,-0.0,0.0,-0.0,-0.0,0.0,0.0,0.0,0.0,0.040778476748584695,0.0,-0.0,-0.0,0.0,0.0,0.0,0.0,0.0419840735269631,0.0,0.0,0.0,0.0,0.07393285727396424,0.06655435970968694,0.04471296031964639,-0.0,-0.0,0.0,0.0
1.0,0.18088834392780845,0.0,0.041259385613375034,0.09502503279384553,0.096593723063449,0.05579185504721877,0.07589177100370467,0.03690890712272165,0.04709308248400571,0.055749815830779356,0.03856418162248359,0.04869664710295017,0.12803622403796738,0.10611104074004805,0.1706998343966715,0.10665086073739988,-0.0,0.0,-0.0,-0.0,-0.0,-0.0,-0.0,-0.0,0.06154814794050105,0.0,0.0,0.0,0.0,0.0,0.0,0.036998788987912486,0.0,0.0,0.0,-0.0,0.0,0.0,0.03184158478182951,-0.0,-0.0,-0.0,-0.0,-0.0,0.0,0.0,-0.0,0.0,-0.0,-0.0,0.0,-0.0,-0.0,0.0,0.0,0.0,0.0,0.04354022674633508,0.0,-0.0,-0.0,0.0,0.0,0.0,0.0,0.03229437741402923,0.0,0.0,0.0,-0.0,0.06023605717087694,0.054927212849284715,0.036033434636236046,-0.0,-0.0,0.0,-0.0
1.0,0.2302719499647206,0.0,0.08720981396110468,0.1150725944493334,0.11768560994970925,0.08045444318207143,0.09358927039705218,0.052639172901382515,0.07062737722162457,0.06781715924345244,0.056331490161768014,0.05476477116461092,0.16321203958651287,0.13428984998057417,0.18540072348146622,0.1237734160258829,-0.0,0.0,-0.0,-0.0,-0.0,-0.0,-0.0,-0.0,0.07468262833823718,0.0,0.0,0.03737773171497455,0.0,0.0,0.04321820686428192,0.049062845508259775,0.04274675034654606,0.0,0.0,-0.0,0.0,0.04544842019460056,0.0,-0.0,-0.0,-0.0,-0.0,-0.0,0.0,0.0,0.0,0.0,-0.0,-0.0,0.0,-0.0,-0.0,0.0,0.0,0.0,0.0,0.059998500342550096,0.0,-0.0,-0.0,0.0,0.0,0.0,0.0,0.0,0.0,0.0,0.0,-0.0,0.05503784220401025,0.05207963249511797,0.0,-0.0,-0.0,-0.0,-0.0
1.0,0.2416615929649024,0.03949635999797031,0.09181190458915146,0.12525803200495636,0.1436357914275474,0.09336283489553673,0.10976008975315348,0.05649484229072696,0.084235534960873,0.07063626551532247,0.06570790124625647,0.06270287818916802,0.19697272486694126,0.16604219344416674,0.1961595152044682,0.11724430445183905,-0.0,-0.0,-0.0,-0.0,-0.0,-0.0,-0.0,-0.0,0.06391993068815208,0.03550573658948796,0.0,0.03841928392402102,0.0,0.0,0.05254877365360376,0.05390088684720198,0.05595876070108076,0.0,0.0,-0.0,0.0,0.0,0.03884086058045716,-0.0,-0.0,-0.0,-0.0,-0.0,0.0,0.0,0.0,0.0,-0.0,-0.0,0.0,-0.0,-0.0,0.0,0.0,0.0,0.0,0.04005289421860093,0.0,-0.0,-0.0,0.0,0.0,0.0,0.0,0.04018054047399646,0.0,0.0,0.0,0.0,0.06674580826584353,0.06309723720767774,0.04175912747080096,-0.0,-0.0,-0.0,-0.0
1.0,0.21430981134652477,0.04554748072562065,0.1110115609066651,0.10835351032084097,0.10435263028732399,0.09409512895011532,0.09107870586494879,0.049595614984581884,0.06617311632167737,0.05997409472532903,0.05757358926252781,0.06497654105398802,0.16043286912096455,0.1320196845506201,0.17315948681578408,0.11201804746837807,-0.0,-0.0,-0.0,-0.0,-0.0,-0.0,-0.0,-0.0,0.07026468101416349,0.0,0.0,0.0,0.0,0.0,0.04162519515352731,0.03842514825745787,0.048842395281403696,0.0,0.0,0.0,0.0,0.0,0.03926280034812415,-0.0,-0.0,-0.0,-0.0,-0.0,0.0,0.0,0.0,0.0,-0.0,-0.0,0.0,-0.0,-0.0,0.0,0.0,0.0,0.0,0.040828114513877904,0.0,-0.0,-0.0,0.0,0.0,0.0,0.0,0.04533338130496045,0.0,0.0,0.0,0.0,0.07416880527571941,0.0660316519889696,0.043766898509412205,-0.0,-0.0,0.0,0.0
1.0,0.20872515700421812,0.038789960731922146,0.05043872675119076,0.10616827116919185,0.11551917327633432,0.06593352023515252,0.08541330023213976,0.04705702316820483,0.05942301260467759,0.06442157526353146,0.045213080076107706,0.05555822581154191,0.14877716561305174,0.1269330637552476,0.18909489064028048,0.11861247554409028,-0.0,-0.0,-0.0,-0.0,-0.0,-0.0,-0.0,-0.0,0.06562994730994108,0.0,0.0,0.0,0.0,0.0,0.03757508026510466,0.04305696783919512,0.036769796923010904,0.0,0.0,-0.0,0.0,0.0,0.0,-0.0,-0.0,-0.0,-0.0,-0.0,0.0,0.0,-0.0,0.0,-0.0,-0.0,0.0,-0.0,-0.0,-0.0,0.0,0.0,0.0,0.04348483377431746,0.0,0.0,-0.0,0.0,0.0,0.0,0.0,0.036791425393197394,0.0,0.0,0.0,0.0,0.06968400560216938,0.06272323669101551,0.042455048085695925,-0.0,-0.0,0.0,0.0
1.0,0.22332577882855026,0.05604931646351073,0.0681002041944742,0.11231075288429533,0.118403510452461,0.07815058863386856,0.09237874850077084,0.05142003824021289,0.06648621051763638,0.06978772499241247,0.049358769388193176,0.06208032878992523,0.1569128455272491,0.1374734347694918,0.1955330775279115,0.12025577840213003,-0.0,-0.0,-0.0,-0.0,-0.0,-0.0,-0.0,-0.0,0.06525603199692165,0.0,0.0,0.0,0.0,0.0,0.04434406973717382,0.04454005998539992,0.04488042199178419,0.0,0.0,-0.0,0.0,0.0,0.0,-0.0,-0.0,-0.0,-0.0,-0.0,0.0,0.0,0.0,0.0,-0.0,-0.0,0.0,-0.0,-0.0,0.0,0.0,0.0,0.0,0.04401238517175811,0.0,0.0,-0.0,0.0,0.0,0.0,0.0,0.05253991237168855,0.0,0.03995133230541118,0.0,0.0,0.08326648892282941,0.07572779667492828,0.055441625334395686,-0.0,-0.0,0.0,-0.0
1.0,0.34572865340004844,0.06410781118701736,0.18950128679719122,0.15900926232955387,0.14878800584143592,0.1545588080795915,0.14505790931315926,0.09651345933274573,0.11310337543463145,0.09307511314554265,0.06911314601739019,0.11344185456080919,0.23943798312774392,0.20332749660306873,0.2444590803794384,0.18252362389333615,0.0,0.0,-0.0,-0.0,-0.0,-0.0,-0.0,-0.0,0.1715831064463552,0.0,0.0,0.06447380938252993,0.07839205677638746,0.06417352451221457,0.06331319870537166,0.0,0.07389620342815256,0.0,-0.0,-0.0,0.0,0.06089338314624792,0.0605932658432286,-0.0,-0.0,-0.0,-0.0,-0.0,0.0,0.0,0.0,0.06032532163127476,-0.0,-0.0,0.0,-0.0,-0.0,-0.0,0.0,0.0,0.0,0.0,0.0,-0.0,-0.0,0.0,0.0,0.0,0.0,0.05954937082358634,0.0,0.0,0.0,0.0,0.1323472583707471,0.10345153276002499,0.07683117272281022,-0.0,-0.0,-0.0,0.0
1.0,0.3436454877688075,0.0,0.21777244877928992,0.15956574474718,0.09244928465558683,0.1724929517397626,0.15031445056945014,0.09303282203002038,0.1170450494823683,0.10381283259458056,0.0,0.12402337615250815,0.20834724805033467,0.1935925135288336,0.21991198533232645,0.19459605315391026,0.0,0.0,-0.0,-0.0,0.0,-0.0,0.0,-0.0,0.20062224207292648,0.0,0.0,0.09358188948115571,0.11108172514152201,0.08150329122465227,0.0,0.0,0.06731647092741738,0.0,0.0,-0.0,0.0,0.07731353099882336,0.06590577466025717,-0.0,-0.0,-0.0,-0.0,-0.0,0.0,0.0,0.07872648446435548,0.07316220245557274,0.0,-0.0,-0.0,0.0,-0.0,0.0,0.0,0.0,0.0,0.0,0.0,-0.0,-0.0,0.07627508079454508,0.0,0.0,0.0,0.0,0.0,0.0,0.0,-0.0,0.16043719342145618,0.1183003014913104,0.0932703416913991,-0.0,-0.0,-0.0,0.0
1.0,0.3361357006824051,0.06751581361829717,0.15247756049207262,0.1607783171397501,0.16378321813037186,0.13120985516082426,0.15027324719710808,0.10367147512447081,0.135159719910338,0.10476987925332047,0.07039058262277859,0.09876469857060352,0.24267181804586607,0.22206208592760587,0.2286579127154125,0.15458126598824448,-0.0,-0.0,-0.0,-0.0,-0.0,-0.0,-0.0,-0.0,0.07753678629871211,0.0,0.05783160185129215,0.07857170496795268,0.07735375836714156,0.07667930844987544,0.08298656105694409,0.07258489302848789,0.074150823018526,0.0,0.0,-0.0,0.0,0.0,0.0,-0.05977848788389848,-0.060235748986207836,-0.0,-0.0,-0.0,0.0,0.0,0.05517335229860741,0.0,-0.0,-0.0,0.0,0.0,-0.0,-0.0,0.0,0.0,0.0,0.0,0.0,-0.0,-0.0,0.0,0.0,0.0,0.0,0.06482908778431642,0.0,0.0,0.0,0.0,0.09080524526092254,0.07512495415734086,0.05875028357699285,-0.0,-0.0,-0.0,0.0
1.0,0.30478641843627147,0.07660849828542958,0.20337922255240282,0.14449144530493127,0.15489989102412274,0.15021824118266028,0.14100483737099703,0.09562599589890998,0.13437265336216356,0.08063987399116586,0.08417579458119502,0.09888685917951466,0.24381734066833788,0.2234098291467127,0.20030987810238335,0.12599282057531117,-0.0,-0.0,-0.0,-0.0,-0.0,-0.0,-0.0,-0.0,0.07833491940078446,0.0,0.0,0.075042829396643,0.09400667577429901,0.0953857162106314,0.07285089316054388,0.06373881612964681,0.08561009327776543,0.0,0.0,0.0,0.0,0.0,0.0,-0.05551306526740547,-0.05620477622009846,-0.0,-0.0,-0.0,0.0,0.0,0.06523673196228588,0.05997113563388678,-0.0,-0.0,0.0,-0.0,-0.0,0.0,0.0,0.0,0.0,0.0,0.0,-0.0,-0.0,0.0,0.0,0.0,0.0,0.07125055987081684,0.0,0.0,0.0,0.0,0.09276019038318598,0.08703844537085773,0.06549180295702506,-0.0,-0.0,-0.0,0.0
1.0,0.33548828299401184,0.061215823050491225,0.23303206051040787,0.16307739780212044,0.1567799855074045,0.18242184014330962,0.16693504617963836,0.11261193372590456,0.15112216749221985,0.08114651545663215,0.08237485102280943,0.1105060195502639,0.271358145207514,0.2440819944848862,0.19931405346604422,0.1364145226107697,-0.0,-0.0,-0.0,-0.0,-0.0,-0.0,-0.0,-0.0,0.09350392299992946,0.0,0.0,0.08468362980867665,0.10458064611698173,0.09791667289489421,0.07803575739995056,0.069107103195036,0.08911793835903258,0.0,0.0,0.0,0.0,0.0,0.0,-0.063716350481448,-0.06408732699793657,-0.0,-0.0,-0.0,0.0,0.0,0.07045527042904338,0.06618170190429001,-0.0,-0.0,0.0,-0.0,-0.0,0.0,0.0,0.0,0.0,0.0,0.052147343549875456,-0.0,-0.0,0.0,0.0,0.0,0.0,0.056435059314072784,0.0,0.0,0.0,0.0,0.08607578126335383,0.07662192097316252,0.057486443433405546,-0.0,-0.0,0.0,0.0
1.0,0.3166390337644882,0.07371356506776425,0.1269956607906709,0.15352913904208795,0.15322756323433848,0.11502525251305001,0.1270591580789403,0.08248947638188385,0.10778052239700263,0.10677342376529528,0.06886842532756839,0.09133540963191254,0.21879339298097958,0.18931215290364392,0.23676870073258754,0.1604765259261874,-0.0,-0.0,-0.0,-0.05361915552088285,-0.0,-0.05529007553563877,-0.0,-0.0,0.07449505996823552,0.0,0.0,0.061572036262416904,0.055166810368754586,0.056076258815127844,0.07237331007319604,0.06178749366755714,0.06433823629863716,0.0,0.0,0.0,0.0,0.0,0.0,-0.0,-0.0,-0.0,-0.0,-0.0,0.0,0.0,0.0,0.0,-0.0,-0.0,0.0,0.0,-0.0,0.0,0.0,0.0,0.0,0.0,0.0,-0.0,-0.0,0.0,0.0,0.0,0.0,0.06955842504181799,0.0,0.0,0.0,0.0,0.09357090090843453,0.07385202546296342,0.05576065773224239,-0.0,-0.0,-0.0,0.0
1.0,0.28734800831424434,0.04930437290985485,0.14889363426285104,0.14390222097090505,0.14838734310052196,0.1359627918196391,0.14665880670995218,0.08918488133863609,0.11558805839027328,0.07007164007314547,0.06446548878762326,0.0914779133429215,0.22738366797797113,0.2068964262176785,0.20136298163913177,0.1259081155490197,-0.0,-0.0,-0.0,-0.0,-0.0,-0.0,-0.0,-0.0,0.08195808440984736,0.0,0.0,0.05945252746651057,0.06703365520604422,0.06268534579642156,0.06317767896833563,0.06079187431389748,0.06801153328779315,0.0,0.0,-0.0,0.0,0.0,0.0,-0.04989763565066489,-0.04854455889780963,-0.0,-0.0,-0.0,0.0,0.0,0.0,0.04852807209838232,-0.0,-0.0,0.0,-0.0,-0.0,0.0,0.0,0.0,0.0,0.0,0.0,-0.0,-0.0,0.0,0.0,0.0,0.0,0.0476326785500506,0.0,0.0,0.0,0.0,0.08355580262633808,0.07286245611942198,0.05616468591741493,-0.0,-0.0,0.0,0.0
1.0,0.29830946406328246,0.07641073672614272,0.1508821785874982,0.14360233482166024,0.16083786805972664,0.12759202086596586,0.1374816781630501,0.09104106293723097,0.12576013807348288,0.08131586136227843,0.07355232089491513,0.09210421424973474,0.22685624910372734,0.21289558710411574,0.21042537368572256,0.13315175729400677,-0.0,-0.0,-0.05329486504692838,-0.0,-0.0,-0.05363317469625653,-0.0,-0.0,0.07479377980311298,0.0,0.0,0.06900405406674105,0.07012231127479185,0.07147595516842976,0.0717797788684864,0.06827045713340082,0.07454541206493885,0.0,0.0,0.0,0.0,0.0,0.0,-0.0,-0.05411411665107172,-0.0,-0.0,-0.0,0.0,0.0,0.0,0.0,-0.0,-0.0,0.0,-0.0,-0.0,-0.0,0.0,0.0,0.0,0.0,0.0,-0.0,-0.0,0.0,0.0,0.0,0.0,0.06931890795389943,0.0,0.0,0.0,0.0,0.08488753554712783,0.07646852560213747,0.06318177620846556,-0.0,-0.0,-0.0,0.0
1.0,0.26589912934743687,0.05985384095201766,0.11313060152353938,0.13607815797025932,0.14268433143662249,0.11109295325098603,0.12745877371506886,0.0731258708486764,0.09593782689720887,0.06903865402333352,0.055928139485807785,0.08077576138627922,0.20175731688882675,0.18031650457391252,0.21957561875549822,0.1387045191874753,-0.0,-0.0,-0.0,-0.0,-0.0,-0.0,-0.0,-0.0,0.07161299964292613,0.0,0.0,0.04507961188513651,0.0,0.04487172950003105,0.05580639542741625,0.0547617001642183,0.056921009201064375,0.0,0.0,-0.0,0.0,0.050251923666401487,0.0,-0.04925682076567851,-0.0,-0.0,-0.0,-0.0,0.0,0.0,0.0,0.0,-0.0,-0.0,0.0,-0.0,-0.0,-0.0,0.0,0.0,0.0,0.047732512979612306,0.0,0.0,-0.0,0.0,0.0,0.0,0.0,0.05580310674660077,0.0,0.04708565559887167,0.0,0.0,0.1127468603051036,0.09704858421707108,0.0888293923994617,-0.0,-0.0,0.0,-0.0
1.0,0.26087037260382157,0.039649844365647204,0.12832190385234518,0.14612638322802038,0.14896925598628138,0.12759263130094797,0.12320284672985075,0.06329573201345474,0.08460024923590515,0.06946348598444024,0.07194091911131936,0.07405851358663051,0.23163119747595162,0.179365255070772,0.20144231259579232,0.12547490842196032,-0.0,-0.0,-0.0,-0.0,-0.0,-0.0,-0.0,-0.0,0.07307308423749441,0.0,0.0,0.03981166726775165,0.0,0.03847107118197399,0.047205174765088745,0.0505522507407515,0.056629767178992964,0.0,0.0,-0.0,0.0,0.0,0.039936493239345484,-0.0,-0.0,-0.0,-0.0,-0.0,0.0,0.039010215549227345,0.0,0.0,-0.0,-0.0,0.041426214847444555,-0.0,-0.0,0.0,0.039693836190449465,0.0,0.0,0.0,0.0,0.0,-0.0,0.0,0.0,0.0,0.0,0.0,0.0,0.0,0.0,0.0,0.06721677444387912,0.06558948385257679,0.049037163306043144,-0.0,-0.0,0.0,-0.0
1.0,0.25649515194715305,0.045034324888646546,0.1494855872189849,0.1291553867487268,0.12399428347730183,0.1213029527779284,0.11633317579832703,0.06823669196392708,0.09115678405976521,0.0723086260171706,0.06814237735371169,0.07864845369151693,0.1997911299136601,0.16466709576774138,0.1889150934280344,0.1266810556914816,-0.0,-0.0,-0.0,-0.0,-0.0,-0.0,-0.0,-0.0,0.07825492532963409,0.0,0.0,0.04882471883022267,0.05616017728650561,0.052272073518677555,0.05385459172375838,0.048868628009931206,0.06168195561365367,0.0,0.0,0.0,0.0,0.0,0.043557016878236356,-0.0,-0.0,-0.0,-0.0,-0.0,0.0,0.0,0.0,0.045794331283844684,-0.0,-0.0,0.0,-0.0,-0.0,0.0,0.0,0.0,0.0,0.0,0.0,-0.0,-0.0,0.0,0.0,0.0,0.0,0.048669436258212434,0.0,0.0,0.0,0.0,0.0822760363818166,0.07089062206654773,0.049719352068875636,-0.0,-0.0,0.0,0.0
1.0,0.2850918393763923,0.0,0.17352858765499957,0.13888866840703784,0.11475777556888074,0.12966039782386668,0.12058935229676125,0.0,0.07689622864368156,0.11551241731571465,0.0726227042237361,0.11093483504507097,0.21801883468338837,0.14827912803982032,0.20578885809893857,0.1582879559432072,0.0,0.0,0.0,0.0,0.0,-0.0,0.0,-0.0,0.17796677908732428,0.0,0.0,0.0,0.0,0.0,0.0,0.0,0.0,0.0,0.0,0.0,0.0,0.0,0.07905143458220658,-0.0,-0.0,-0.0,-0.0,-0.0,0.07800352006340111,0.0,0.0,0.07821637935631637,0.0,0.0,0.0,-0.0,-0.0,0.0,0.0,0.0,0.0,0.0,0.0,-0.0,-0.0,0.0,0.0,0.0,0.0,0.0,0.0,0.0,0.0,0.0,0.07773384131142584,0.0,0.0,-0.0,-0.10151900518390114,0.0,0.0
1.0,0.2763572408437793,0.06558398343000904,0.15806243020729605,0.1256741789403543,0.10518130386507461,0.1185452537514584,0.10183022638902581,0.06210653924381834,0.07373868294609602,0.07794495123236284,0.05584021297900333,0.08950816896922703,0.17657260558812568,0.14122917110607724,0.22121537113420195,0.16477685814523702,-0.0,0.0,-0.0,-0.0,-0.0,-0.0,-0.0,-0.0,0.1654629285071824,0.0,0.0,0.0,0.05967170026886217,0.0,0.0,0.0,0.05564693225414337,0.0,0.0,0.0,0.0,0.0,0.05918170329889187,-0.0,-0.0,-0.0,-0.0,-0.0,0.0,0.0,0.0,0.0,-0.0,-0.0,0.0,-0.0,-0.0,0.0,0.0,0.0,0.0,0.0,0.0,-0.0,-0.0,0.0,0.0,0.0,0.0,0.06490226381957225,0.0,0.0,0.0,0.0,0.1283074427416105,0.10060799113080232,0.06796741345939791,-0.0,-0.06099149542829126,-0.0,0.0
1.0,0.2663768230794961,0.0,0.1188667647613421,0.1307987787624714,0.07516670543581554,0.11229406504440236,0.11245936040672178,0.06550149251434155,0.06879927385871645,0.08565072702665161,0.0,0.09384364411692545,0.15386935580629757,0.1298678759091615,0.20407964719646624,0.17794344957523636,0.0,0.0,0.0,0.0,0.0,0.0,0.0,0.0,0.1990547885293954,0.0,0.0,0.0,0.0,0.0,0.0,0.0,0.0,0.0,-0.0,-0.0,-0.0,0.07082677642492978,0.0,-0.0,-0.0,-0.0,-0.0,-0.0,0.0,0.0,0.0,0.0,0.0,-0.0,-0.0,0.0,-0.0,-0.0,0.0,0.0,0.0,0.0,-0.0,-0.0,-0.0,0.0,0.0,0.0,0.0,0.0,0.0,0.0,0.0,-0.0,0.15172584040923842,0.11078172357214278,0.08742575742686604,-0.0,-0.0,-0.07899937689527622,0.0
1.0,0.3034778662926068,0.09138371102091168,0.15271522877592297,0.15141940559937472,0.09500892088583685,0.1432192781453105,0.12948918126831577,0.08149145776175487,0.0877355305115529,0.10122099466931408,0.0,0.11336817903516348,0.18472129037050314,0.16736313257448865,0.22805540283830159,0.18998053722717234,-0.0,0.0,-0.0,-0.0,-0.0,-0.0,-0.0,-0.0,0.18687590374175914,0.0,0.0,0.0,0.0,0.0,0.0,0.0,0.0,0.0,0.0,0.0,0.0,0.07814126207347405,0.07010456897310481,-0.0,-0.0,-0.0,-0.0,-0.0,0.0,0.0,0.0,0.0,-0.0,-0.0,-0.0,0.0,-0.0,0.0,0.0,0.0,0.0,0.0,-0.0,-0.0,-0.0,0.0,0.0,0.0,0.0,0.08624496765388535,0.06532872221481073,0.0,0.0,0.0,0.1786264088514347,0.1342322524995113,0.10806941501331263,-0.0,-0.0,-0.073212997082699,0.0
1.0,0.3072436463016786,0.08734443014041414,0.1492140323518456,0.15277431943328254,0.10901791425569439,0.13737082665162986,0.13332823082885192,0.08721311211862823,0.10358889536911134,0.10062780876327576,0.0,0.11734079083097523,0.195295683470738,0.1820703410154067,0.21629807546688493,0.17424826214308464,0.0,0.0,-0.0,-0.0,-0.0,-0.0,-0.0,-0.0,0.1907935598506271,0.0,0.0,0.06739026313073292,0.0,0.0,0.0,0.0,0.0,0.0,0.0,-0.0,0.0,0.0,0.06898008128677527,-0.0,-0.0,-0.0,-0.0,-0.0,0.0,0.0,0.0,0.0,-0.0,-0.0,-0.0,-0.0,-0.0,-0.0,0.06819656909379056,0.0,0.0,0.0,0.0,-0.0,-0.0,0.0,0.0,0.0,0.0,0.07364648345674984,0.0,0.0,0.0,0.0,0.13985038509866465,0.10641483806995376,0.07902159246535712,-0.0,-0.0,-0.07768185077330449,0.0
1.0,0.5137639269632419,0.0,0.28865524236216256,0.24676332128641534,0.32020737630355844,0.24317223819861397,0.25878967851968804,0.1504643788335059,0.23893252731021866,0.09207551947727674,0.1534499971388936,0.1290458578604476,0.45841152236888644,0.40474362120875285,0.294135269734326,0.17231026797516724,-0.0,-0.0,-0.0,-0.0,-0.0,-0.0,-0.0,-0.0,0.08525148367614843,0.08173812552337986,0.08957266489044541,0.11971977424090971,0.13986581435534748,0.14960209269971353,0.12761232921303983,0.1213828464699254,0.14246669974880988,0.0,-0.0,-0.0,0.0,0.0,0.0,-0.10210398504750372,-0.09972468386017606,-0.0,-0.0,-0.0,0.0,0.0,0.08054800598344553,0.08076602227013896,-0.0,-0.0,0.0,-0.0,-0.0,-0.0,0.0,0.0,0.0,0.0,0.08991383470610709,-0.0,-0.06626361286085385,0.0,0.0,0.06853415975443991,0.06546914194814378,0.0,0.0,0.0,0.0,-0.0,0.0759463886381104,0.07094130928468266,0.0,-0.0,-0.0,0.0,0.0
1.0,0.550032391356648,0.0,0.22231331379211028,0.25988469307684214,0.32629836967249726,0.19380679683252358,0.2178231230368331,0.1442607016877172,0.18517289284814611,0.14117441012433476,0.1691083588280531,0.13843293955433397,0.43572489363487277,0.33817030744417653,0.4469804573989437,0.2852834426816772,-0.0,-0.0,-0.0,-0.0,-0.0,-0.0,-0.0,-0.0,0.10220406470927865,0.0894645188507938,0.07707826578235472,0.08104457829094196,0.07306263566592998,0.0778319179064319,0.1124500102354316,0.11052872854986034,0.11445128111384577,0.0,-0.0,-0.0,0.0,0.0,0.06843104232632215,-0.08102953536470872,-0.0739823005423718,-0.0,-0.0,-0.0,0.0,0.0,0.0,0.0,-0.0,-0.0,0.06445819334222246,-0.0,-0.0,-0.0,0.0,0.0,0.0,0.0,0.0,0.0,-0.0,0.0,0.0,0.0,0.0,0.0,0.0,0.0,0.0,0.0,0.0926912111149966,0.08439329831707046,0.0,-0.0,-0.0,-0.0,0.0
1.0,0.5324927445391018,0.06602923305767146,0.1925484676650312,0.2525021962377662,0.3087707254741273,0.17596733840662934,0.1887792232146889,0.11638254875108782,0.14973682009526937,0.14774187282465168,0.1673133424650223,0.13042259850155857,0.4103152401205783,0.29853513157294304,0.456871200365586,0.29694947619686024,-0.0,-0.0,-0.0,-0.0,-0.0,-0.0,-0.0,-0.0,0.09991617470586238,0.08874141692159099,0.0713337224578758,0.0,0.0,0.0,0.09973380096930028,0.09628825285475855,0.10294021526537236,-0.0,0.0,0.0,0.0,0.0,0.07184628632884899,-0.0,-0.0,-0.0,-0.0,-0.0,0.06616014067004215,0.06706846009257802,0.0,0.0,-0.0,-0.0,0.06974665795113942,-0.0,-0.0,0.0,0.0,0.0,0.0,0.0,0.0,0.0,-0.0,0.0,0.0,0.0,0.0,0.0,0.0,0.0,0.0,0.0,0.09646696624777866,0.08201864923233107,0.0,-0.0,-0.0,-0.0,0.0
1.0,0.39658431824101414,0.0,0.2789624228200399,0.2119854703228387,0.2168125948244499,0.21094808114614097,0.18769148456797394,0.1105827857082944,0.13837744882748884,0.10027525785869189,0.11726534092615132,0.1402563904106109,0.33744363841219255,0.29635801064564005,0.2421191265894372,0.14643191965584673,-0.0,-0.0,-0.0,-0.0,-0.0,-0.0,-0.0,-0.0,0.1349811832255991,0.0,0.0,0.0,0.0,0.0,0.08692264558701389,0.07889812368855849,0.11583819248308398,0.0,0.0,0.0,0.0,-0.0,0.09038633080514896,-0.0,-0.0,-0.0,-0.0,-0.0,0.0,0.0,0.0,0.0,-0.0,-0.0,0.0,0.0,-0.0,0.0,0.07937146004133591,0.0,0.0,0.0,0.0,0.0,-0.0,0.0,0.0,0.0,0.0,0.07811600962232411,0.0,0.0,0.0,0.0,0.11251482893042368,0.11365331407850165,0.0,0.0,0.0,0.1065215956912457,0.07880399745174164
1.0,0.41831321617255524,0.056837029544460696,0.13761365337668138,0.20537679747159038,0.22728715205640987,0.13562522559452622,0.16197535647776887,0.09664935733209044,0.13629654864503477,0.1206324857164896,0.11498245673605911,0.09884835461661758,0.30558539336155777,0.23834855737601798,0.35852407485893945,0.2446435201525953,-0.0,-0.0,-0.0,-0.0,-0.0,-0.0,-0.0,-0.0,0.08198525706840776,0.06997641860584154,0.05729399274466649,0.07017436208250508,0.0,0.0,0.08439979500550325,0.08770637555006434,0.07649570375227047,0.0,-0.0,-0.0,0.0,0.0,0.0,-0.0,-0.05890530072722309,-0.0,-0.0,-0.0,0.0,0.0,0.0,0.0,-0.0,-0.0,0.0,-0.0,-0.0,-0.0,0.0,0.0,0.0,0.0,0.0,-0.0,-0.0,0.0,0.0,0.0,0.0,0.061273553277983756,0.0,0.0,0.0,0.0,0.08116546996837315,0.059902633207255404,0.0,-0.0,-0.0,-0.06610513228726493,0.0
1.0,0.36817548272773665,0.0,0.11321062754696098,0.18009576994009202,0.19652174601570466,0.10913605154378263,0.13159185199951093,0.07435911034056064,0.10901198446072667,0.10643354697376127,0.10091266198422104,0.08142359834749935,0.25924417140413253,0.19412334938263875,0.3292928956035899,0.22210835852714567,-0.0,-0.0,-0.0,-0.0,-0.0,-0.0,-0.0,-0.0,0.08145585618998268,0.06327565298462892,0.05019972912146138,0.05694829600185297,0.0,0.0,0.07072670919548901,0.07171309276437887,0.06368992291449517,0.0,0.0,0.0,0.0,0.0,0.0,-0.0,-0.0,-0.0,-0.0,-0.0,0.0,0.0,0.0,0.0,-0.0,-0.0,0.0,-0.0,-0.0,-0.0,0.0,0.0,0.0,0.06031870610574456,0.0,-0.0,-0.0,0.0,0.0,0.0,0.0,0.05494570957528282,0.0,0.0,0.0,0.0,0.06856775509190313,0.05233858278040105,0.0,-0.0,-0.05217022395227775,-0.0,0.0
1.0,0.41130460210678077,0.07566166860081687,0.20726064871485758,0.2007882398651884,0.21457103503202757,0.1727417001320786,0.17236333997723885,0.11256994046695878,0.15710912786678155,0.11534782179099194,0.11414001095018546,0.11551880198071028,0.3176479237681345,0.2685807543137743,0.3157825026823933,0.20923211540122857,-0.0,-0.0,-0.0,-0.0,-0.0,-0.05870801772824927,-0.0,-0.0,0.0852593579814946,0.06621655500279926,0.060040942218755486,0.08577197597580422,0.09232104217086977,0.08813369516968902,0.09114689884992423,0.083083228086709,0.09156491070461313,0.0,0.0,0.0,0.0,0.0,0.0,-0.06265798968418176,-0.06557996032094378,-0.0,-0.0,-0.0,0.0,0.0,0.0675013807527127,0.0,-0.0,-0.0,0.0,-0.0,-0.0,0.0,0.0,0.0,0.0,0.0,0.0,-0.0,-0.0,0.0,0.0,0.0,0.0,0.0732999738768428,0.0,0.0,0.0,0.0,0.09405087043755321,0.07754738844294623,0.0,-0.0,-0.0,-0.0,0.0
1.0,0.39013641541498084,0.0,0.170265396987959,0.19525755869963451,0.25101506223852127,0.16042409250027043,0.20819699321993715,0.12328726004342909,0.17708980005364974,0.08818765756489097,0.09840901718665024,0.10161925818411689,0.33633480576083014,0.31585052186310064,0.2535747534362277,0.1314876450685236,-0.0,0.0,-0.0,0.0,-0.0,0.0,-0.0,0.0,0.07123858973327961,0.05323115679191638,0.06926153984325703,0.07253030434187932,0.07132655945832375,0.08342276068256904,0.1024191780472004,0.09933391962747465,0.10578541572598095,0.0,-0.0,-0.0,0.0,0.0,0.0,-0.08407075485258153,-0.07475454604534378,0.0,0.0,0.0,0.0,0.0,0.0,0.05117281799995382,-0.0,-0.0,0.0,0.0,-0.0,0.0,0.0,0.0,0.0,0.0,0.0,-0.0,-0.05721985303434868,0.0,0.04874666394257056,0.0,0.0,0.0,0.0,0.0,0.0,-0.0,0.08721392793659884,0.07932846364625935,0.0,0.0,0.0,0.0677900488539718,0.0
1.0,0.3992202623819868,0.0677725833948207,0.16480995846135313,0.20157732444957732,0.2620661439692197,0.16731388747725395,0.20758710022634533,0.12828387843181016,0.17487601355067692,0.09695777393281672,0.09929233520687988,0.11688380008853688,0.3392071035291493,0.32237615079388277,0.2653164373653359,0.13858704826568322,-0.0,-0.0,-0.0,-0.0,-0.0,-0.0,-0.0,-0.0,0.07692506410703066,0.0,0.07069995479811425,0.0687988105927412,0.06086178861692864,0.07239505851852897,0.10302403033974386,0.10013127216295349,0.10790764685338071,0.0,0.0,-0.0,0.0,0.0,0.0,-0.07919133546990158,-0.07109697182033559,0.0,0.0,0.0,0.0,0.0,0.0,0.0,-0.0,-0.0,0.0,-0.0,-0.0,0.0,0.0,0.0,0.0,0.0,0.0,0.0,-0.05338601147974946,0.0,0.0,0.0,0.0,0.0,0.0,0.0,0.0,0.0,0.10260701353915033,0.0948810123860768,0.06628032752916199,0.0,0.0,0.060642536444231745,0.0
1.0,0.44260604971876094,0.0,0.18177267517717613,0.22814094804457707,0.29410255909915933,0.20311690635973956,0.22380519204090463,0.13262188317344376,0.1839549448676022,0.09105516450643464,0.12317355125036177,0.12953113397825616,0.39220832698431213,0.349636698065927,0.28888340624549436,0.1745159394926472,-0.0,-0.0,-0.0,-0.0,-0.0,-0.0,-0.0,-0.0,0.08976422984107243,0.06642386087183423,0.06848075958511374,0.08428160161644997,0.0654743823019013,0.07253821514991599,0.09515783812106994,0.11462308749647483,0.11218059685376633,0.0,0.0,-0.0,0.0,0.0,0.0,-0.0742395589469443,-0.06970819641014793,-0.0,-0.0,-0.0,0.0,0.06106124353956578,0.0,0.052498672379741304,-0.0,-0.0,0.04940477083518778,-0.0,-0.0,-0.0,0.0,0.0,0.0,0.0,0.0,-0.0,-0.04978722157770762,0.0,0.0,0.0,0.0,0.0,0.0,0.0,0.0,-0.0,0.07886821611694157,0.0716327481569924,0.056657215671444786,-0.0,-0.0,-0.0,0.0
1.0,0.4583728760457737,0.06244517940420544,0.2382044038615318,0.21903107553803314,0.2678130531414891,0.2022780554164454,0.22370299327508394,0.15340686176327317,0.20918558925931927,0.1092511684660033,0.11404908876848632,0.13469542165314527,0.3756904731722318,0.3539569833324488,0.275633795004612,0.15649933167574923,-0.0,-0.0,-0.0,-0.0,-0.0,-0.0,-0.0,-0.0,0.0867540000019132,0.06170566461909302,0.08183131912967227,0.09937341108664854,0.10824227855810331,0.11611542808676693,0.12184522624562866,0.10775941162237905,0.13041614655685063,0.0,0.0,-0.0,0.0,0.0,0.0,-0.09950247389112189,-0.08798920803667462,0.0,0.0,0.0,0.0,0.0,0.06839850245315035,0.0699052124993852,-0.0,-0.0,0.0,0.0,-0.0,-0.0,0.0,0.0,0.0,0.0,0.0,-0.0,-0.0,0.0,0.0,0.0,0.0,0.0,0.0,0.0,0.0,0.0,0.10699549763117576,0.09895711232504499,0.06902853824624568,0.0,0.0,0.0,0.0
1.0,0.7566608436673194,0.0,0.2724902157582687,0.340833874979668,0.4334762707825298,0.22175883794308915,0.20553100843044056,0.0,0.16101136090063073,0.17492034896240602,0.2838843436443757,0.1410995205315947,0.6013806442524475,0.3629386877017231,0.8086815603200214,0.5358524410028082,0.0,-0.0,0.0,-0.0,-0.0,-0.0,-0.0,-0.0,0.13119934495750055,0.14554907925498667,0.0,0.0,0.0,0.0,0.0,0.0,0.0,-0.0,0.0,0.0,0.0,0.0,0.0,-0.0,-0.0,-0.0,-0.0,-0.0,0.0,0.0,0.0,0.0,0.0,-0.0,0.15613762235617423,-0.0,-0.0,0.0,0.0,0.0,0.0,0.0,0.0,0.0,-0.0,-0.0,0.0,0.0,0.0,0.0,0.0,0.0,0.0,0.0,0.13154229692111988,0.0,0.0,-0.0,-0.0,-0.16477645797721222,0.0
1.0,0.7572106505521926,0.0,0.21685805798633992,0.3504948592591572,0.3769090969195733,0.27680072136416123,0.3014685988605346,0.17481837488872215,0.23233403799389088,0.28421693943223886,0.0,0.0,0.47826016882282363,0.41953047908012203,0.6026439640476228,0.48542374593978294,0.17866819716893037,0.0,-0.0,-0.0,0.0,-0.0,0.0,-0.0,0.0,0.0,0.0,0.0,0.0,0.0,0.17170140380261828,0.0,0.0,-0.0,-0.0,-0.0,-0.0,0.22996086732552193,0.0,-0.0,-0.0,0.0,0.0,0.0,0.0,0.0,0.0,0.0,-0.0,-0.0,0.0,-0.0,-0.0,-0.0,0.0,0.0,0.0,0.0,0.0,0.0,-0.0,-0.0,0.0,0.0,0.0,0.0,0.0,-0.0,0.0,-0.0,0.3149363413054367,0.26423277081696994,0.19773430168749134,-0.0,0.0,-0.40026155237686156,0.0
1.0,0.6439914493612225,0.0,0.23167153250600478,0.2897872253672498,0.3213537798595968,0.23104734260612286,0.2570593760776142,0.16496897167217245,0.21558012581703678,0.24780524978661292,0.14027163632606773,0.138678616000902,0.4110063591784674,0.3648191513808385,0.48715337412829784,0.3861588317742558,0.13224072436442483,0.0,-0.0,-0.0,0.0,-0.0,0.0,0.0,0.0,0.0,0.0,0.0,0.0,0.0,0.15565666740589693,0.0,0.0,0.0,-0.0,-0.0,-0.0,0.20897394793426072,0.0,-0.0,-0.0,0.0,0.0,0.0,0.0,0.0,0.0,0.0,-0.0,-0.0,0.0,-0.0,-0.0,-0.0,0.0,0.0,0.0,0.0,0.0,0.0,-0.0,0.0,0.0,0.0,0.0,0.0,0.0,-0.0,0.0,-0.0,0.2665502178368247,0.22838993563833757,0.18392679776395002,-0.0,0.0,-0.25122789958023556,0.0
